Model,R2 Score,RMSE,MAE
Random Forest,0.8706921447170911,324567.15258153214,253762.7501390851
Gradient Boosting,0.8864156347031235,304194.52205994667,243718.11595105613
XGBoost,0.8634868385065115,333487.3567574052,255966.8216308999
